"Node","In_Degree","Out_Degree","Betweenness","Closeness","Eigenvector"
"1",32,41,1548.73271177258,0.000436681222707424,0.113669044115966
"2",51,1,0,0.000437062937062937,0.100531650977534
"3",77,84,5850.70254886104,0.000477554918815664,0.340164337596803
"4",62,56,1536.68560039445,0.000457038391224863,0.297993102758602
"5",74,89,5232.02021344574,0.000478240076518412,0.40566843863643
"6",124,156,27174.0216910286,0.000518941359626362,0.512283597504623
"7",93,109,12722.776976945,0.000492368291482029,0.342064153340208
"8",49,67,2976.67517608806,0.000434782608695652,0.141078467296789
"9",34,28,755.45847187551,0.000427533133817871,0.0939390156212565
"10",27,33,480.914325222885,0.000368595650571323,0.0372693202673742
"11",41,34,1185.07364494817,0.000457875457875458,0.194727052387591
"12",62,72,5115.52529037563,0.000446229361892012,0.202551219634273
"13",46,50,4559.99603679869,0.000448229493500672,0.179549329107661
"14",61,172,10873.6808579976,0.000520562207183758,0.426274358443321
"15",55,73,3381.01024351518,0.000457456541628545,0.219231517861396
"16",45,37,2192.22676677228,0.000444839857651246,0.170145451895401
"17",68,47,1140.92714407718,0.0004739336492891,0.336098483902896
"18",61,106,4840.11565233885,0.000486144871171609,0.402793685154075
"19",46,42,2294.24775580397,0.000457456541628545,0.218323200599585
"20",62,58,4228.62910504207,0.000456829602558246,0.252821349910124
"21",64,54,3585.66576595952,0.000467726847521048,0.290262599817649
"22",111,129,12738.0961110063,0.000504795557799091,0.62020775446427
"23",13,14,89.0672828829436,0.000392464678178964,0.0532377139501261
"24",68,64,2977.71764084926,0.000467071461933676,0.348018783763108
"25",26,37,1172.18378115192,0.000412031314379893,0.115006993680742
"26",32,18,235.982489460567,0.000428265524625268,0.0949003150588608
"27",30,23,119.697856877427,0.000394788787998421,0.0757280092819152
"28",51,45,1832.72767607616,0.000445235975066785,0.171663797450618
"29",96,78,5519.88486210722,0.000483558994197292,0.506005228774371
"30",48,46,1285.802985589,0.000456829602558246,0.202714551397156
"31",55,57,2187.14117813091,0.000458715596330275,0.294550708550409
"32",39,43,441.631591455675,0.00043271311120727,0.211764000733218
"33",32,23,121.795673209879,0.000400962309542903,0.0991775157777836
"34",24,19,142.806703859763,0.000407166123778502,0.0789249689767774
"35",23,26,146.49204694947,0.000395882818685669,0.0817886028718047
"36",53,44,1669.58582211329,0.000457247370827618,0.246115841009736
"37",43,20,228.642393668424,0.00044762757385855,0.180436265731615
"38",22,32,241.938892529247,0.000403063280935107,0.0813244338761315
"39",29,41,1549.97780575533,0.000421407501053519,0.120003414279631
"40",33,16,123.394479737042,0.000418060200668896,0.0978657624586363
"41",48,53,1418.2050049927,0.000429737859905458,0.143530510612836
"42",66,74,3051.34174291478,0.000477554918815664,0.378776432623264
"43",50,67,1098.23137966128,0.000476644423260248,0.355881542622905
"44",11,8,17.1878047241491,0.000342348510783978,0.0142754803179399
"45",92,83,11890.2871357916,0.000481000481000481,0.401500697162577
"46",38,38,1579.23234914439,0.000434404865334492,0.164301785551434
"47",68,49,2186.79004343534,0.000463606861381548,0.323284507534451
"48",47,37,842.763040950941,0.000453103760761214,0.181025805612799
"49",46,51,1931.18095350251,0.000426439232409382,0.176387120292235
"50",13,10,220.583861618258,0.000373412994772218,0.034497370619147
"51",15,12,153.086494766936,0.000386697602474865,0.0407768073890344
"52",62,48,3015.94590857475,0.000463177396943029,0.242223399449483
"53",18,24,1678.95081835637,0.00040048057669203,0.0598596060278117
"54",27,31,593.503912353383,0.000443655723158829,0.13002265673654
"55",42,48,451.856493212741,0.000433275563258232,0.201849876381125
"56",35,36,1181.35905206409,0.000438404208680403,0.16543529509723
"57",39,41,349.10237135795,0.000426803243704652,0.162028576326314
"58",54,60,1892.91463384129,0.000444642063139173,0.231258544047068
"59",103,115,7390.53091025421,0.000494315373208107,0.569289104118736
"60",46,44,902.854111342128,0.000429000429000429,0.17767458923513
"61",39,52,1113.82133689027,0.000419463087248322,0.117802461458793
"62",55,63,4776.53030913849,0.000452488687782805,0.156054163338732
"63",179,190,24682.9774541409,0.000540832882639265,0.851918899163288
"64",104,114,7589.48052764508,0.000496031746031746,0.578322919639639
"65",136,113,18796.2043255137,0.000524383848977452,0.496833811146553
"66",40,84,5886.0855318183,0.000477099236641221,0.204112230988459
"67",20,26,595.82708926497,0.000435729847494553,0.0848939076202049
"68",8,7,38.0310488900741,0.000410004100041,0.0450659508977895
"69",39,40,572.29921797402,0.000444642063139173,0.260007451216544
"70",41,60,3377.26198897359,0.000451875282422052,0.225468894100894
"71",16,12,58.8564222053971,0.000404203718674212,0.0759227653935701
"72",15,14,53.3906576462135,0.000389105058365759,0.0509685620208584
"73",6,6,968.212952721337,0.00035880875493362,0.0265957250773433
"74",25,29,607.592969038497,0.000413393964448119,0.0713595593056235
"75",76,82,5447.75500962884,0.000467726847521048,0.30828273374463
"76",14,18,105.794611842697,0.000388048117966628,0.0486762437154258
"77",22,15,114.664332772719,0.000388802488335925,0.062866284940318
"78",18,17,162.530306072897,0.000415800415800416,0.115524810834291
"79",23,0,0,0.0004293688278231,0.0778278851416975
"80",35,35,1229.76653687121,0.000448028673835125,0.188328376760996
"81",61,58,2876.91493485476,0.000464900046490005,0.336152734720507
"82",92,89,5396.62947124851,0.000492125984251968,0.551284588948587
"83",121,227,18357.4359151349,0.000552791597567717,0.838966886928154
"84",86,119,5732.01113818789,0.000510204081632653,0.567708825187165
"85",48,130,8162.88808078549,0.000499001996007984,0.350089769977155
"86",35,28,1778.35670418527,0.000426621160409556,0.110475549613797
"87",154,202,37695.3917019855,0.000540248514316586,0.667783435340624
"88",109,125,8523.22502891859,0.000510725229826353,0.655066942504252
"89",30,20,1644.23348545861,0.000426439232409382,0.124940301357723
"90",57,53,2642.42276691385,0.000460617227084293,0.269414290450053
"91",24,22,494.571464796359,0.000435729847494553,0.112593832089439
"92",27,29,1337.7649624589,0.000425170068027211,0.128465437303197
"93",38,39,2650.97177116753,0.000445037828215398,0.136887474236878
"94",51,76,3233.98443698487,0.000467289719626168,0.272727447091753
"95",37,34,625.971633144012,0.0004359197907585,0.110474720775736
"96",37,40,1518.05838209395,0.00043917435221783,0.141906897214063
"97",97,107,10355.9221637723,0.000483792936623125,0.42948102489679
"98",21,24,359.273722352219,0.000396353547364249,0.0638970264480781
"99",23,17,516.971126362532,0.000411522633744856,0.0848422140110313
"100",23,19,247.95701449753,0.000418410041841004,0.108709742208992
"101",36,38,2431.08390717651,0.00043308791684712,0.14288502159235
"102",25,21,517.811469270884,0.00040983606557377,0.0736930154439053
"103",16,21,1124.31463447273,0.000397456279809221,0.0606767100493545
"104",43,33,700.268740409269,0.000446827524575514,0.113916368581944
"105",32,16,75.6654449699115,0.000422119037568594,0.0704503366357535
"106",115,119,6746.5376629224,0.000513874614594039,0.65958320774098
"107",128,102,9395.89167063034,0.000506585612968592,0.594606104359998
"108",169,204,22011.056199863,0.000542005420054201,0.892543671382589
"109",37,37,2517.87082441447,0.000439367311072056,0.137281699256185
"110",4,4,5.099561430643,0.000373412994772218,0.0236479117205478
"111",9,6,10.7992417895271,0.000377500943752359,0.032659117811295
"112",8,1,0.313854528541061,0.000357653791130186,0.0138453469688582
"113",17,8,79.1678179881567,0.000391849529780564,0.0349525709490518
"114",74,72,4644.31636522675,0.000474833808167142,0.339499403192445
"115",109,127,8431.60311927648,0.000506842372022301,0.670860564328885
"116",101,112,6680.69674303867,0.000499001996007984,0.603910394249504
"117",68,69,2267.70573634716,0.000464037122969838,0.319673158606723
"118",15,13,173.596613485879,0.000433463372345037,0.0877041571694125
"119",24,29,469.254850927774,0.00043271311120727,0.12358631047105
"120",13,1,26.1173741760692,0.000372162262746558,0.023964102670061
"121",14,14,105.729613699665,0.000405350628293474,0.0490018262950468
"122",157,222,24704.12199497,0.000549752611324904,0.904108836895718
"123",21,22,259.53835641333,0.000386996904024768,0.047374067639348
"124",30,29,480.370627964482,0.000435729847494553,0.138992962474864
"125",33,35,1817.89802991051,0.000422119037568594,0.113390383591379
"126",20,24,627.525692744434,0.000419287211740042,0.0870682235228465
"127",28,25,218.886904941018,0.000409332787556283,0.116356534164115
"128",16,20,352.746319277132,0.000443852640923213,0.110523818925371
"129",132,110,10112.2462256041,0.000513610683102209,0.646528490890637
"130",139,136,15678.6396337402,0.000521376433785193,0.674012017367346
"131",36,1,0,0.000436871996505024,0.0718859432028241
"132",46,50,894.52317372031,0.000455788514129444,0.280449256625058
"133",52,58,1487.73064237078,0.000459770114942529,0.358293017596849
"134",73,93,4719.43182652458,0.000492125984251968,0.421148929574359
"135",21,21,1667.20767857195,0.000418060200668896,0.0670754501877351
"136",35,23,238.851190989321,0.000434027777777778,0.119436248165683
"137",27,17,38.9437146233399,0.000416146483562214,0.103415487075903
"138",77,67,4380.10935935013,0.000470809792843691,0.390169842055255
"139",29,30,509.717009359126,0.000426803243704652,0.1430162069387
"140",36,30,1049.03673175816,0.000431778929188256,0.102313579527417
"141",33,31,1223.29565957647,0.000429922613929493,0.0962470267115231
"142",68,67,7005.94928157506,0.000462748727441,0.214466140119198
"143",99,120,6137.22762132347,0.000512032770097286,0.584915824970613
"144",45,41,874.774690204153,0.000445037828215398,0.221137022817501
"145",11,10,16.3698310628379,0.000396039603960396,0.0611403119484173
"146",47,61,2815.24154960705,0.000472589792060492,0.346765807863976
"147",14,27,419.557856904412,0.000429000429000429,0.0774574546887595
"148",37,45,346.69971568827,0.000457456541628545,0.291996674858256
"149",14,17,127.56237495744,0.000411861614497529,0.0536176542108889
"150",24,26,512.55783649861,0.000423370025402202,0.0760897563238789
"151",32,23,367.493539278427,0.000430292598967298,0.0847854403455504
"152",42,31,615.996197700672,0.000426803243704652,0.161730931139939
"153",60,48,1550.08172294514,0.000469704086425552,0.340890209771124
"154",23,46,344.907493691086,0.000464684014869888,0.280612291883862
"155",38,36,459.632406950959,0.000464037122969838,0.245210237002532
"156",53,63,3117.54432605462,0.000475737392959087,0.266506810651792
"157",20,17,728.898979848409,0.000416666666666667,0.0477941288740324
"158",54,70,3307.78692222657,0.000440528634361233,0.147964618132502
"159",43,40,1303.52720233688,0.000438788942518649,0.205844957480808
"160",34,33,1029.25773910098,0.000434216239687364,0.165857186089592
"161",212,334,72626.4970322838,0.000593824228028504,1
"162",35,26,1042.29209570685,0.000434593654932638,0.141837215778851
"163",51,42,1605.15582980922,0.000464684014869888,0.222414551987977
"164",37,42,1562.26150844818,0.000462748727441,0.283972551121788
"165",39,41,1843.7856235962,0.000440140845070423,0.1537886869213
"166",92,101,6066.40943189325,0.000480769230769231,0.477914274000487
"167",127,125,14053.3791031413,0.000527983104540655,0.615494388211114
"168",49,65,1528.48761955072,0.000438404208680403,0.178549312823194
"169",63,61,2758.36174396087,0.000466853408029879,0.274549689422501
"170",96,105,3982.04873997249,0.000492610837438424,0.600856749690234
"171",87,82,5927.54484422581,0.000475737392959087,0.425308274167489
"172",39,28,464.4933714419,0.00043994720633524,0.148266803097376
"173",70,74,2972.13318453845,0.000477554918815664,0.359496084361454
"174",63,67,3761.53365753162,0.000478011472275335,0.359998023751447
"175",65,59,2889.52626161999,0.00046339202965709,0.319832532632479
"176",8,9,6.22277638458809,0.000359582883854729,0.0432600269573344
"177",25,31,622.025886469348,0.000409668168783286,0.0769763640238511
"178",41,44,2769.41173671772,0.000453103760761214,0.12234001212822
"179",29,29,628.216275070781,0.000404694455685957,0.0602676493402934
"180",49,39,2034.34115428306,0.000453720508166969,0.153665697449485
"181",68,70,5739.2728869393,0.000470145745181006,0.310597870052687
"182",45,54,1845.8775860769,0.000438981562774363,0.140009540606812
"183",28,44,659.074120523277,0.000399201596806387,0.070270802141822
"184",143,159,15060.4204337064,0.000520562207183758,0.75411757313542
"185",72,61,4216.21876934899,0.000477554918815664,0.37321788108038
"186",10,22,176.150175914103,0.000370782350760104,0.0283559813399919
"187",20,20,132.912232632475,0.000425170068027211,0.117533253287858
"188",39,49,488.561487556828,0.0004510599909788,0.303551268546794
"189",26,34,228.400391326264,0.000444444444444444,0.177298961881141
"190",61,38,3523.39522009128,0.000460405156537753,0.221388714865529
"191",29,26,241.988206841536,0.000444642063139173,0.180873531886529
"192",47,56,7242.78816369019,0.000454338936846888,0.193058790415365
"193",19,18,90.2000631377726,0.000376931775348662,0.0603999839340943
"194",25,24,122.555485454637,0.000405844155844156,0.106858824307186
"195",42,34,442.425127997335,0.000431034482758621,0.15324404103946
"196",29,33,269.865124676988,0.000423549343498518,0.135798218410834
"197",23,28,138.763142059297,0.000423549343498518,0.102745175792452
"198",33,24,399.875309864485,0.000441111601235112,0.115416296010456
"199",19,35,1285.33419014185,0.000424628450106157,0.122903642045012
"200",38,45,1165.90091069552,0.000443066016836509,0.170968043101033
"201",34,22,494.651518251241,0.000422654268808115,0.0805613111709647
"202",43,51,1018.17243178986,0.000457875457875458,0.252025593308687
"203",6,1,8.08478314358267,0.000350385423966363,0.0125804398736822
"204",39,0,0,0.000433839479392625,0.106447587331937
"205",28,20,191.752369638471,0.000426257459505541,0.0796867137754308
"206",27,14,213.382096132426,0.000427167876975651,0.0754613373238719
"207",44,55,2431.3511757218,0.000445632798573975,0.167436834905744
"208",29,14,159.87961596312,0.00043535045711798,0.114083889238377
"209",52,9,84.0631380496639,0.000437445319335083,0.160696566796664
"210",60,79,4061.09148503903,0.0004739336492891,0.367165396997649
"211",77,64,2323.38830459545,0.000479846449136276,0.458082549156422
"212",118,145,13787.7088414891,0.000510464522715671,0.660470266279125
"213",101,108,4302.5372701447,0.000504540867810293,0.633059672224326
"214",36,45,1417.11864942309,0.000397298371076679,0.0645729725736957
"215",50,36,1031.28351220608,0.000453103760761214,0.183997617328219
"216",75,73,6441.46004565816,0.000482392667631452,0.324203554449549
"217",26,24,293.605383870466,0.000423370025402202,0.100401495929821
"218",15,19,1175.3978679173,0.000418760469011725,0.0675192882036625
"219",43,54,1559.09806362588,0.000455166135639508,0.185253574458497
"220",18,2,11.0497088763119,0.000405186385737439,0.0460414660405245
"221",14,10,33.1858665736476,0.00040371417036738,0.0615982346779318
"222",54,43,1340.73904745627,0.000452488687782805,0.232019684972327
"223",56,47,1380.73092403444,0.00045766590389016,0.237711741075428
"224",41,47,976.345415073457,0.000449640287769784,0.218814584987642
"225",10,9,25.162040078139,0.000407331975560081,0.0452338336873783
"226",25,20,136.667054226959,0.000417362270450751,0.0993977372463833
"227",46,47,1266.26494673067,0.000461254612546125,0.273558564019406
"228",19,1,0,0.000400962309542903,0.0425304835270438
"229",22,1,32.6370950748481,0.000425170068027211,0.0603797888932101
"230",27,27,1400.55362300737,0.000426803243704652,0.137711167072572
"231",17,19,2277.16788500777,0.000435540069686411,0.145381673353976
"232",49,58,6041.45781061869,0.000431034482758621,0.147987527166663
"233",77,79,7625.76701430897,0.000473036896877956,0.219032007101365
"234",45,54,1072.72518781713,0.000462107208872458,0.29834678713361
"235",34,43,1334.38630196349,0.000452079566003617,0.189780498303469
"236",18,20,146.134564908433,0.000410004100041,0.073988821070438
"237",48,35,722.182248289035,0.000453720508166969,0.248109111811338
"238",23,26,345.492879058047,0.000419991600167997,0.110130050105334
"239",36,39,2439.76777280764,0.000440917107583774,0.123910249387021
"240",11,0,0,0.000380083618396047,0.0253714904207266
"241",20,17,117.683675125843,0.000408496732026144,0.0813915212547631
"242",20,17,226.98110344625,0.000384763370527126,0.0545784821159394
"243",28,23,1589.6387550066,0.000434782608695652,0.124250637590368
"244",46,42,1849.60648524458,0.000441696113074205,0.202274844137561
"245",27,20,348.644024341776,0.000417014178482068,0.0954817704360099
"246",47,37,857.71236915751,0.000445831475702185,0.219480642087551
"247",12,15,61.4582369662435,0.000356887937187723,0.026330782300606
"248",15,10,31.0046601548309,0.000348675034867503,0.0211201086624394
"249",20,16,191.468203270727,0.000395413206801107,0.056296288619971
"250",112,160,9209.11048080813,0.000526870389884088,0.773226207635351
"251",30,24,794.954166083533,0.000429922613929493,0.0850863881334501
"252",31,33,317.750146875759,0.000430477830391735,0.144325775931821
"253",82,113,4506.3930636675,0.000488997555012225,0.498576414953643
"254",23,35,362.970998716653,0.000437828371278459,0.187550559218291
"255",29,83,815.442087379518,0.000483325277912035,0.338623558234931
"256",45,46,1106.48595938402,0.000467289719626168,0.320875205308739
"257",118,52,2858.86732418336,0.000501002004008016,0.522758226269222
"258",16,14,59.1260202869437,0.000390777647518562,0.0532154981960475
"259",32,51,3584.80896900348,0.000443066016836509,0.202969863051827
"260",25,25,501.963240168105,0.000411353352529823,0.0854454351087497
"261",19,18,202.043499774686,0.000385802469135802,0.048018628998663
"262",43,31,758.142388876257,0.000446428571428571,0.186005088373626
"263",22,23,1041.69827545883,0.000421052631578947,0.0731149277327759
"264",47,56,2151.16327165554,0.000458505272810637,0.271711955890664
"265",27,35,722.993786551041,0.000427899015832264,0.0715853867097303
"266",31,36,640.002190063383,0.000390930414386239,0.0542265457104863
"267",23,29,450.152613063386,0.000405186385737439,0.0467078370303405
"268",18,10,53.4340493373695,0.000352112676056338,0.0192389151813939
"269",29,30,561.106281767298,0.000437636761487965,0.12684405569101
"270",69,64,5869.03411705512,0.000472589792060492,0.329319154085224
"271",12,7,11.6527662224259,0.000418935902806871,0.0633110681794928
"272",58,59,3139.8185129042,0.000456412596987677,0.272206362920607
"273",41,38,1722.29889205452,0.00043535045711798,0.129164310242748
"274",24,25,267.018345475581,0.000401929260450161,0.0684120471768456
"275",23,8,110.500165982292,0.000402414486921529,0.0553304741697183
"276",25,32,1629.46722247897,0.000433839479392625,0.101448836890722
"277",9,2,2.36321472139421,0.000379218809252939,0.0147284763114776
"278",16,16,53.8027899883059,0.000405679513184584,0.0472422272122224
"279",40,40,934.45985600134,0.000459347726228755,0.202484084773051
"280",9,7,10.7382033902353,0.000413736036408771,0.0770070198295528
"281",104,95,7035.6173635004,0.000493583415597236,0.530741963062802
"282",45,57,742.078270415613,0.00045475216007276,0.296789209824663
"283",106,117,6784.47876608985,0.000508130081300813,0.599672367082728
"284",120,118,8330.39598400735,0.000513347022587269,0.660895999053585
"285",35,40,920.105057991351,0.000444839857651246,0.141337867993957
"286",68,76,4247.70565769463,0.000475963826749167,0.364645539845021
"287",41,35,339.048901938394,0.000437062937062937,0.19656823372829
"288",17,17,188.751829659613,0.000412881915772089,0.0872620658708212
"289",28,32,778.310270878828,0.000437828371278459,0.149358731286574
"290",8,0,0,0.000358166189111748,0.0127086161184185
"291",67,66,7146.48882018279,0.000481231953801732,0.379835046323515
"292",22,24,132.415981030264,0.000419287211740042,0.103501024870893
"293",34,24,493.850792566004,0.000440917107583774,0.127629072973024
"294",16,17,60.8140245467697,0.000375375375375375,0.0438923141017527
"295",22,18,176.781000777904,0.000418060200668896,0.0777865392619938
"296",55,78,5043.69672799428,0.000455373406193078,0.233854358090486
"297",70,21,714.121393062783,0.000461254612546125,0.217195894453612
"298",19,13,1068.75131861134,0.000399201596806387,0.0405701860308861
"299",9,14,178.60466636055,0.000407000407000407,0.0517905820227494
"300",21,19,453.907666221409,0.000393700787401575,0.0574964715916468
"301",40,70,2205.79546935683,0.00047192071731949,0.294599499760274
"302",116,87,11459.5824255534,5e-04,0.373827562720582
"303",23,18,112.989784444061,0.000430477830391735,0.122595352631134
"304",83,87,4354.08080162588,0.00048661800486618,0.511467844525056
"305",28,22,363.101694468447,0.000435729847494553,0.146538087819124
"306",52,54,969.441504973612,0.000441696113074205,0.214799225765823
"307",32,40,4796.86440323008,0.000461041954817888,0.187112633736169
"308",12,20,150.247724878093,0.000408329930583912,0.0470039332404395
"309",35,24,481.179790729018,0.000451875282422052,0.190908234075243
"310",29,41,757.139642445844,0.000425350914504466,0.101132715437616
"311",24,23,230.144074737795,0.000434027777777778,0.141064692013526
"312",31,23,425.085587510544,0.000414593698175788,0.0979814286971086
"313",21,20,488.337414834977,0.000438212094653812,0.0951172022281171
"314",17,6,36.8908906657391,0.00037202380952381,0.0319422680685223
"315",32,47,1108.46021033268,0.000447427293064877,0.215728398667148
"316",8,0,0,0.000356125356125356,0.0124978075107928
"317",38,24,2171.09841383557,0.000436681222707424,0.109236861099934
"318",19,18,68.2750173394965,0.000391696043869957,0.056726544626763
"319",50,46,956.773355944562,0.000461680517082179,0.264565980641037
"320",11,1,0,0.000394632991318074,0.0277532481676809
"321",40,42,1630.30808857485,0.000440917107583774,0.122615970279368
"322",37,53,3040.10591218844,0.000446827524575514,0.113512767077751
"323",20,24,663.817630059183,0.000392464678178964,0.0442663325299907
"324",31,32,1018.0499802123,0.000433651344319167,0.109189487879907
"325",14,11,195.499782637568,0.000403225806451613,0.0396616327567221
"326",26,14,1172.73943410739,0.000436681222707424,0.0902815121384178
"327",37,23,1184.33630133011,0.0004516711833785,0.182817250625942
"328",29,28,3864.901326344,0.000444839857651246,0.152225200437145
"329",16,15,105.053115210881,0.000393236335037357,0.0529653851735117
"330",85,77,4621.65242537857,0.000481695568400771,0.477060143228488
"331",9,6,43.7553547282722,0.000371333085777943,0.0215823454628441
"332",19,20,346.615968613357,0.000410677618069815,0.0596880127589657
"333",18,23,333.181021890559,0.000367917586460633,0.0248825154754767
"334",94,125,11573.5274201897,0.000504286434694907,0.569566132509844
"335",18,15,45.4183434444394,0.000362056480811006,0.0259818209762618
"336",23,20,570.135349159459,0.000366300366300366,0.0340097778396697
"337",32,22,323.092051155825,0.000441891294741494,0.118901607122538
"338",37,30,451.380225814061,0.000438981562774363,0.180478648072595
"339",52,48,947.346320551862,0.000453514739229025,0.283612323349422
"340",40,49,803.802436148386,0.000431778929188256,0.161484341270105
"341",92,72,7249.14974691676,0.000483792936623125,0.451201350982467
"342",9,8,16.6426296943125,0.000367242012486228,0.024299272629161
"343",44,66,2393.69059184371,0.000454338936846888,0.167847643857473
"344",20,15,120.865904619338,0.000427715996578272,0.101420791798158
"345",14,16,105.328181000165,0.000360230547550432,0.0259104622749082
"346",23,20,116.800877433049,0.000416840350145894,0.0685861002178957
"347",24,24,246.320817728473,0.0004359197907585,0.114088988888826
"348",24,13,269.71775782942,0.000419463087248322,0.0613505758775655
"349",4,2,0,0.000334448160535117,0.00965558076723656
"350",18,18,308.295686003742,0.000419111483654652,0.055382978094033
"351",20,18,1018.86806387616,0.000396667988893296,0.0397194884417113
"352",43,48,1221.26531747619,0.000458085203847916,0.204812389304106
"353",21,19,196.212297978442,0.000419991600167997,0.0557110535354506
"354",29,37,2339.75335468369,0.000436490615451768,0.159161944017703
"355",10,8,19.7851808142295,0.000361663652802893,0.021029554043056
"356",41,43,318.357097951067,0.000458715596330275,0.342880553345457
"357",47,30,471.263063736639,0.000449842555105713,0.251794038780517
"358",42,40,616.042956048427,0.000445632798573975,0.259323206248287
"359",40,48,1214.58992323622,0.000405679513184584,0.0776213450668055
"360",20,32,179.524482714041,0.000376506024096386,0.037770404426049
"361",28,17,544.560013365863,0.000413393964448119,0.0734266990674537
"362",47,32,370.44008418961,0.000444444444444444,0.170964311873323
"363",62,49,2124.01071962486,0.000475511174512601,0.318096672291235
"364",39,44,523.618160581652,0.000454132606721163,0.269440300637878
"365",9,2,3.37347602153909,0.000383877159309021,0.0379102343329898
"366",90,2,521.655933921751,0.000490677134445535,0.244801369546013
"367",86,79,5051.09042584065,0.000491883915395967,0.428456472437894
"368",71,65,2035.57164774103,0.000471698113207547,0.442639247880957
"369",45,34,1717.30207183958,0.000446229361892012,0.138728557578322
"370",6,6,54.0667835196621,0.000395569620253165,0.0329336138288184
"371",14,34,1044.1712194695,0.000388349514563107,0.0671012728070776
"372",76,64,2101.26972327762,0.000479616306954436,0.435937547690943
"373",22,23,256.131611179978,0.000431965442764579,0.147715693439944
"374",23,39,698.797814281452,0.000452079566003617,0.158257288797316
"375",9,18,54.227289898304,0.000388802488335925,0.0303160954846514
"376",53,58,3697.18367995945,0.000460617227084293,0.29149233234476
"377",36,44,2343.92312873186,0.000433651344319167,0.114716715535888
"378",88,131,16334.2030988681,0.000482160077145612,0.308187373250006
"379",24,9,23.5095387967801,0.000387897595034911,0.0545447809847074
"380",34,52,2399.10128506002,0.000441111601235112,0.126095929380373
"381",33,32,1418.97221679599,0.000429000429000429,0.0902380083343989
"382",27,27,1272.20264942141,0.000412881915772089,0.0659585869442113
"383",5,0,0,0.000348796651552145,0.00896047327828944
"384",6,1,0,0.000343524562006183,0.00762183375271092
"385",16,0,0,0.000382701875239189,0.0270776565392413
"386",21,15,72.39072978085,0.000413736036408771,0.0595408292748923
"387",8,0,0,0.00036563071297989,0.0143119711764205
"388",23,37,560.27115942447,0.000407000407000407,0.071282832773974
"389",23,18,116.62340096516,0.000420521446593776,0.0806185018855944
"390",34,30,694.663516092339,0.000438404208680403,0.086073398457967
"391",29,44,618.134612284893,0.000426621160409556,0.0973243594750239
"392",19,11,43.9550914022571,0.000382848392036753,0.0300271984446503
"393",19,9,98.4337359100514,0.000398883127243718,0.0461642741745922
"394",66,75,4709.17045577102,0.000466200466200466,0.325854521448048
"395",30,29,286.525471030828,0.0004151100041511,0.0782140711771303
"396",36,27,580.642362833054,0.000442086648983201,0.141550130286476
"397",14,1,0.213157894736842,0.000363768643142961,0.0185833249766467
"398",34,29,1631.97276464164,0.0004293688278231,0.0760243370267022
"399",4,0,0,0.000342700479780672,0.00640362460303801
"400",18,8,19.7441962155205,0.000403225806451613,0.0642812965576133
"401",29,31,543.376500228181,0.000447227191413238,0.156433534265582
"402",32,41,2458.10735962864,0.000444444444444444,0.165618475832918
"403",9,1,0,0.000391849529780564,0.0182144464372111
"404",17,8,17.5824502670411,4e-04,0.048632766655594
"405",61,77,5473.04503085962,0.000470145745181006,0.363229088355266
"406",83,110,8337.1104152713,0.0005005005005005,0.547628354350226
"407",25,18,164.157372764813,0.000410846343467543,0.0382429487780403
"408",22,14,199.612896773497,0.000388048117966628,0.0397551307599009
"409",38,52,1611.12248735484,0.000431592576607682,0.196726582220653
"410",30,84,2565.98490873719,0.000464037122969838,0.186637671628254
"411",9,8,8.20694034758722,0.000408663669799755,0.0725830065132367
"412",74,95,8551.28586127346,0.000479386385426654,0.36112601756468
"413",60,64,3738.50172020373,0.000441111601235112,0.255475328980288
"414",24,25,137.178152093146,0.0004212299915754,0.0879560008865134
"415",3,11,2626.41956946954,0.000316856780735108,0.00361062457799924
"416",3,3,1200.33267098969,0.00035650623885918,0.0106050518389728
"417",3,1,0.4,0.000346260387811634,0.00612436834883314
"418",53,55,2366.19343908676,0.000457875457875458,0.240790994250914
"419",29,20,163.478417361927,0.000427899015832264,0.12409317056002
"420",72,91,4494.94711443844,0.000487329434697856,0.431140546796817
"421",109,106,9500.14961501735,0.000508130081300813,0.509997456799199
"422",48,16,962.717527527412,0.00045004500450045,0.110006103892732
"423",31,38,595.998096805968,0.00046189376443418,0.212087295918375
"424",32,36,599.925824465904,0.00044404973357016,0.145023198260109
"425",90,113,5541.97254389527,0.000505050505050505,0.545937785072591
"426",17,32,995.032629554783,0.000420521446593776,0.075065199813442
"427",46,52,2135.18229540649,0.00045766590389016,0.248717681959712
"428",47,47,1035.22642256519,0.000452898550724638,0.309696236692492
"429",23,23,159.18785459167,0.000408329930583912,0.0583787604198785
"430",30,30,736.268140588016,0.000417188151856487,0.0931706833673213
"431",41,44,2601.47500608082,0.000465766185374942,0.222202554474945
"432",23,11,176.670294627587,0.000426257459505541,0.0925535116139565
"433",7,1,0.359627387199606,0.00037243947858473,0.0147096513385045
"434",19,19,172.934289512572,0.000401284109149278,0.0626748936416276
"435",151,157,14878.811718519,0.000533902829684997,0.795882422940618
"436",4,14,1807.94376514895,0.000402414486921529,0.0315660641365114
"437",3,0,0,0.000341530054644809,0.00818127156338731
"438",26,32,275.801567461548,0.000401284109149278,0.102954005031287
"439",76,79,3787.9190297267,0.000465766185374942,0.335787970383578
"440",3,0,0,0.000348553502962705,0.0103339958559949
"441",63,64,5200.21385219329,0.000466200466200466,0.208946720869081
"442",44,30,1335.03510141664,0.000452898550724638,0.192045041707276
"443",22,10,43.3302230210004,0.000385802469135802,0.062285637078655
"444",42,45,3754.47342751222,0.000424448217317487,0.147579299150518
"445",25,26,133.443640736051,0.000427715996578272,0.0981716291284185
"446",24,20,323.916022922671,0.00043994720633524,0.134047280221818
"447",22,19,139.094076675518,0.00041649312786339,0.0513767526241473
"448",28,26,840.611203663927,0.000404694455685957,0.0570910736212085
"449",33,36,1088.4099994859,0.000432338953739732,0.109265654890922
"450",1,0,0,0.000241545893719807,2.83311111598592e-05
"451",53,68,3476.29986963645,0.000470366886171214,0.308332099349783
"452",8,12,1003.68095863166,0.000352360817477097,0.0125847949567759
"453",29,38,1405.60594121226,0.000413393964448119,0.061085427401916
"454",20,26,303.022152405753,0.000439753737906772,0.178976255602684
"455",7,7,3.85094015236495,0.000411184210526316,0.0687096738896373
"456",51,53,1275.39041029239,0.000422119037568594,0.193072747193621
"457",2,3,0,0.000359324469996407,0.0126916632705076
"458",25,21,274.825914149465,0.000428449014567267,0.0815107455741948
"459",41,39,1407.46168693974,0.000458085203847916,0.219835770225594
"460",65,42,3233.13964342697,0.000454132606721163,0.208150505997696
"461",44,36,864.03963314576,0.0004516711833785,0.197848544368886
"462",16,24,156.091577043255,0.000385802469135802,0.0429798360496805
"463",25,19,3533.21950730595,0.0004293688278231,0.135338791976902
"464",2,2,0,0.000301841231512225,0.002157759692424
"465",43,35,1682.41135612461,0.000455373406193078,0.218703939794763
"466",9,14,135.118646958875,0.000393545848091303,0.033248466128365
"467",36,44,3403.03304198094,0.000440917107583774,0.0944785443612835
"468",20,18,81.4645604910461,0.000435729847494553,0.134745678872908
"469",21,0,0,0.000423728813559322,0.0570808266369342
"470",18,12,143.080050419698,0.000391236306729264,0.0589180164828326
"471",21,19,311.311432478549,0.000405350628293474,0.0743977371888932
"472",8,11,69.5516284891574,0.000420344682639765,0.0622292337124084
"473",7,0,0,0.000348189415041783,0.0104453503821611
"474",75,91,5558.04501323471,0.000494315373208107,0.406768287916088
"475",61,65,3092.61886627478,0.000473484848484848,0.370939418345938
"476",2,0,0,0.000333444481493831,0.00459882562879323
"477",7,2,1.52186025737503,0.000369549150036955,0.0193717199595386
"478",11,7,3.77431178038542,0.000355745286374956,0.0237216238991299
"479",27,35,783.466382252054,0.000438788942518649,0.156895877864818
"480",5,1,0,0.000326370757180157,0.00233856158030216
"481",34,34,450.236431231938,0.000450653447498873,0.188822387907186
"482",39,40,869.53338052444,0.000438212094653812,0.194073995723015
"483",35,40,1375.69228539749,0.000438981562774363,0.123149600812432
"484",36,32,1120.68025606766,0.000442869796279894,0.117821512690706
"485",19,17,167.703999059174,0.000428449014567267,0.0875585531505981
"486",27,20,299.767504046211,0.000412881915772089,0.0936867868186117
"487",44,59,1403.61330597505,0.000476871721506915,0.264174537830697
"488",12,13,133.58641277439,0.000360880548538434,0.0117310840512634
"489",7,10,21.3001373147847,0.000358037952022914,0.0147916684194495
"490",27,32,526.819903375881,0.000443655723158829,0.201566960323495
"491",34,24,296.58803790753,0.000452693526482571,0.198539009953391
"492",7,19,111.169286801102,0.000384467512495194,0.0352763170017794
"493",23,24,247.561251669473,0.000434971726837756,0.16231648527721
"494",73,69,5141.77625332718,0.000472143531633617,0.37906943084341
"495",80,95,5845.35085174132,0.000500751126690035,0.400335751939517
"496",49,67,3940.78835974175,0.000472813238770686,0.352925244175072
"497",20,18,462.383190932405,0.000423728813559322,0.0519273308380143
"498",16,11,94.2878319230987,0.000394477317554241,0.0515215302173237
"499",61,84,8399.347283906,0.000467508181393174,0.176023889445327
"500",39,41,1345.54258038278,0.000411353352529823,0.0610662821388547
"501",18,13,27.7350923140572,0.000351123595505618,0.0239766328786331
"502",14,1,80.4490809940021,0.000400962309542903,0.0278993527964118
"503",18,18,142.700248891314,0.00036941263391208,0.0305179413008374
"504",12,4,21.0866627932154,0.000353606789250354,0.0171860884901313
"505",36,33,1164.64679708251,0.000432338953739732,0.0945782074059704
"506",13,0,0,0.000383729854182655,0.0176054643788805
"507",51,51,4946.54210989502,0.000460617227084293,0.21911732418677
"508",4,4,6.39111992639631,0.000343760742523204,0.00771290703449038
"509",26,23,210.455490983188,0.000419287211740042,0.103959351820263
"510",47,40,4011.91918994847,0.000440917107583774,0.197551452018665
"511",19,13,136.304471495574,0.00039032006245121,0.0464391114806456
"512",21,11,387.421261587669,0.00041649312786339,0.0529935236812055
"513",4,5,1.49915046093787,0.000387296669248644,0.0287964889674707
"514",41,35,1018.44774273932,0.000453720508166969,0.184992179791313
"515",11,3,0.917597803360918,0.000380083618396047,0.0199936544563743
"516",39,27,1064.74619180563,0.000433463372345037,0.116272164583941
"517",12,14,1614.43327540201,0.000382116927779901,0.0447924438665306
"518",13,4,46.7880863108948,0.000381970970206264,0.0275705231833498
"519",66,40,1030.0348384403,0.000467945718296678,0.337495041611212
"520",7,16,119.342256489785,0.00041101520756268,0.0402399333879043
"521",48,48,1531.81622308195,0.000448229493500672,0.221973591570599
"522",13,12,1119.48471756774,0.000398247710075667,0.041915138963313
"523",3,3,4.80443447528581,0.000328299409061064,0.00770481741783903
"524",16,13,2465.52739784437,0.000387296669248644,0.0417634113846075
"525",0,1,0,0.000265181649429859,0.00020868590108607
"526",34,30,603.653760935927,0.000408329930583912,0.0571475102907227
"527",50,45,1989.18457930319,0.000462320850670365,0.192513849965461
"528",15,12,61.7639926871845,0.00040048057669203,0.0633699043510076
"529",9,11,36.9116362527935,0.000384763370527126,0.0377465313689793
"530",32,27,1112.84533411686,0.000415454923140839,0.0668662666400414
"531",8,7,55.8243783746115,0.000378644452858766,0.0228948590628893
"532",46,33,767.630407076878,0.000442086648983201,0.248087550959062
"533",20,1,0,0.000391542678151919,0.0497414553560266
"534",85,123,12982.638204779,0.00051413881748072,0.426802009232002
"535",2,3,0.271962981253473,0.000355745286374956,0.00971322735216634
"536",9,8,31.4698281773028,0.000373412994772218,0.0247817144793024
"537",11,11,57.0111617804493,0.000399520575309628,0.0554686850702194
"538",18,43,1262.50532607633,0.00043917435221783,0.0955060316597472
"539",9,10,82.7936590408342,0.000353857041755131,0.0168624882374407
"540",7,3,20.9304010341382,0.000389559797428905,0.0254298567738551
"541",8,6,37.5195358500045,0.00040016006402561,0.0405475261276515
"542",14,17,101.561626742958,0.000424989375265618,0.0976284790960006
"543",14,18,39.7805627441952,0.000384763370527126,0.0649897343131827
"544",33,32,2289.42025428267,0.000430663221360896,0.168820842942959
"545",28,16,2062.12902318128,0.000426803243704652,0.150202590094793
"546",19,14,161.318897319432,0.000392927308447937,0.0701769065149339
"547",73,76,7204.72828929898,0.00049825610363727,0.379029171009
"548",29,20,106.059855658266,0.000386249517188104,0.0944094050017091
"549",20,29,297.487836807232,0.000442673749446658,0.156166559772861
"550",42,76,3213.17382561628,0.000453926463912846,0.194442473731455
"551",25,14,66.6104314455896,0.00043630017452007,0.139105588557401
"552",12,16,268.797443736364,0.000421407501053519,0.068196057304603
"553",36,26,109.041232220591,0.000437636761487965,0.164733071055644
"554",8,7,12.8982013267036,0.000378357926598562,0.0246188119062151
"555",11,9,39.924395663649,0.000384763370527126,0.0284031622493158
"556",15,3,5.05300355754194,0.000396039603960396,0.0295893668550744
"557",7,8,32.9598852530258,0.00036101083032491,0.0243762111491561
"558",15,15,77.2533212010339,0.000419639110365086,0.0866634957313319
"559",11,3,9.71395055029685,0.000352733686067019,0.00827719579053804
"560",6,8,16.8628438210641,0.000397614314115308,0.0523597340730209
"561",28,51,3171.5957159036,0.000442673749446658,0.139212023520248
"562",1,0,0,0.000301841231512225,0.0010619487783644
"563",26,27,410.660145056755,0.000436681222707424,0.0973480135644389
"564",12,20,474.976130230004,0.000412541254125413,0.0701327782320287
"565",3,33,856.534063201738,0.000413564929693962,0.0723376735465572
"566",8,8,32.0310784901516,0.000351370344342937,0.0129018995174452
"567",16,14,48.4629411841804,0.00036036036036036,0.020257434962886
"568",4,2,820,0.000366568914956012,0.0103387224193217
"569",23,23,165.336537007987,0.000417885499373172,0.115924993591703
"570",29,34,879.490094205902,0.000391849529780564,0.0729771983860164
"571",16,16,20.6285386781803,0.000353107344632768,0.0214109421698483
"572",20,0,0,0.000398565165404544,0.0593010398497628
"573",22,15,735.80261278946,0.000431965442764579,0.0766315363991423
"574",17,17,91.7972912217734,0.000412201154163232,0.0624817060209782
"575",4,0,0,0.000346380325597506,0.00765465121892326
"576",11,0,0,0.000364166059723234,0.0163493510807119
"577",19,0,0,0.00043122035360069,0.0660478057173495
"578",5,13,876.84314098548,0.000401767778224186,0.0651400946331386
"579",1,0,0,0.000287935502447452,0.000511127984133395
"580",16,16,75.6120319934601,0.000387146728610143,0.0323180284115253
"581",1,1,0,NA,0
"582",27,26,431.807780719296,0.000427350427350427,0.0976461315746458
"583",13,14,77.570547894999,0.000427533133817871,0.0775580492545815
"584",1,0,0,0.000286123032904149,0.000328891147666375
"585",4,0,0,0.000368052999631947,0.00978404230664744
"586",9,7,58.6523857351506,0.000377216144851,0.0319469079783897
"587",25,0,0,0.000408163265306122,0.0676751278424518
"588",14,8,9.18741871178316,0.000365898280278083,0.0438515609941722
"589",22,14,226.92036442998,0.000397298371076679,0.0684193952199257
"590",16,21,61.0653833921958,0.000419463087248322,0.136939885248187
"591",28,15,211.481961576775,0.000407000407000407,0.0770085893541125
"592",7,7,2.60608533811661,0.00040551500405515,0.0616422659796209
"593",29,31,1073.82403402114,0.000407331975560081,0.0585255161911362
"594",39,25,860.421913445109,0.000429553264604811,0.0984111117328276
"595",6,0,0,0.000384615384615385,0.02722365389573
"596",1,0,0,0.000287273771904625,0.000469694125136403
"597",3,6,1.36498774658717,0.000366837857666911,0.0196044795073913
"598",14,12,95.5565185935404,0.000401767778224186,0.0697664731550085
"599",8,7,8.57718362613996,0.000377643504531722,0.0247248349241179
"600",3,13,12.3495304149096,0.000371333085777943,0.0355580432195091
"601",10,5,19.4104581689413,0.000367782272894446,0.0281969077207474
"602",37,13,513.052770164963,0.000457038391224863,0.163022340549531
"603",20,17,284.390530867096,0.000401123144805455,0.0481903127932545
"604",1,0,0,0.000241545893719807,2.83311111598594e-05
"605",8,0,0,0.000376789751318764,0.0217856748550028
"606",4,0,0,0.000274574409665019,0.000286794478952728
"607",1,0,0,0.000322684737011939,0.00276926169083613
"608",26,23,172.838983450073,0.000425350914504466,0.133372907820828
"609",23,23,210.920360012061,0.000378071833648393,0.0334292964855065
"610",5,3,0.822335633167608,0.000353982300884956,0.0164180456546266
"611",8,16,101.463469202586,0.000411522633744856,0.0510417128501636
"612",25,17,2092.72882595873,0.000441696113074205,0.115562037233974
"613",47,27,1175.53209098713,0.000450856627592426,0.179589276038994
"614",8,9,176.555673008246,0.000352609308885755,0.0137452354656391
"615",4,2,11.6469254381301,0.00034106412005457,0.0056834258197121
"616",40,50,1902.26274297432,0.000466200466200466,0.21790671148925
"617",5,5,15.4378051681813,0.000361402240693892,0.0136814443454847
"618",6,1,8.50661291081073,0.000334896182183523,0.00594630874074628
"619",13,4,1015.09496237176,0.000353606789250354,0.0176492718039721
"620",6,7,77.6521733568488,0.00037202380952381,0.0286819351960706
"621",3,2,0,0.000360230547550432,0.0113792270512724
"622",13,14,364.823912087538,0.000412711514651259,0.0510810195921276
"623",1,0,0,0.00030750307503075,0.0009722736256271
"624",9,5,1032.56274384201,0.000386100386100386,0.030125868542938
"625",11,1,13.2598622591045,0.000404367165386171,0.026629618794671
"626",6,0,0,0.000350385423966363,0.0180425815296829
"627",1,0,0,0.000339904826648538,0.00514004543101002
"628",10,13,107.611332656243,0.000411184210526316,0.0602554061921262
"629",7,1,0,0.000337609723160027,0.0062726355774338
"630",3,1,1.59640247322429,0.000337040781934614,0.00392950639957563
"631",3,1,0,0.00032916392363397,0.00433980348935475
"632",3,1,0,0.000325945241199478,0.00424909454317303
"633",3,3,0,0.000309789343246592,0.00241427415418942
"634",1,1,0,NA,0
"635",1,2,0,0.000261574679571018,0.00018803725198607
"636",2,9,964.059388335704,0.000352236703064459,0.0235881081844314
"637",2,1,0,0.000339789330615019,0.00526506886091043
"638",4,1,0,0.000332446808510638,0.00681813413739436
"639",6,23,67.7938393838081,0.00039984006397441,0.0592541630089678
"640",6,1,0,0.000352112676056338,0.00818021467772214
"641",17,9,69.956359575237,0.000379075056861259,0.0398385779585863
"642",12,16,886.886127614478,0.000417885499373172,0.10231143988265
"643",20,8,9.26021073220034,0.000405350628293474,0.10999768276203
"644",13,3,45.2603956891626,0.000385951370127364,0.0292282792970687
"645",12,13,51.7983540912092,0.000408663669799755,0.0607815271064537
"646",5,4,82.4725975179357,0.000329489291598023,0.00473322254523814
"647",4,1,0,0.000349162011173184,0.0103795125694768
"648",11,8,24.3143374607002,0.000400320256204964,0.0547592507241929
"649",1,1,0,NA,0
"650",9,7,49.1697744056532,0.000383877159309021,0.0262904711466407
"651",1,1,0,0.000327118089630357,0.00508778840951755
"652",12,13,71.174736528732,0.000410004100041,0.0554127208063409
"653",4,7,8.16227182894335,0.000365497076023392,0.0270180839665366
"654",1,1,0,NA,0
"655",37,6,237.676629040995,0.000439367311072056,0.107376570625482
"656",26,23,350.049038517907,0.000419815281276238,0.110840124814221
"657",11,0,0,0.000351000351000351,0.00850725706271112
"658",1,0,0,0.00032258064516129,0.00258403424668136
"659",1,1,0,NA,0
"660",2,1,0,0.000327011118378025,0.00245677636839845
"661",1,1,0,NA,0
"662",39,36,1452.15944576826,0.000429553264604811,0.128672620469598
"663",16,14,109.351609247736,0.000407996736026112,0.0904045764779322
"664",19,8,26.9839419425554,0.00040650406504065,0.0567648939388524
"665",9,4,18.7683701671779,0.000396039603960396,0.0233353137570966
"666",22,22,111.791204620732,0.000415282392026578,0.124181605114138
"667",16,19,248.6339412634,0.000419639110365086,0.0687766455875375
"668",28,12,146.184431754884,0.000426075841499787,0.0918265218511933
"669",1,0,0,0.000307314074984634,0.00116101853113763
"670",6,4,14.8349858537624,0.000370233246945576,0.0170617365677146
"671",1,1,0,NA,0
"672",25,11,75.6985782448386,0.000404367165386171,0.092221113774662
"673",13,4,3.78223373343291,0.00040551500405515,0.0327840044253817
"674",2,2,0,0.000322684737011939,0.00562682624247036
"675",9,19,21.1424610319621,0.000345781466113416,0.0232472514008262
"676",1,1,0,NA,0
"677",4,0,0,0.000378501135503407,0.0090999807765785
"678",2,0,0,0.000354735721887194,0.00758648467506058
"679",9,11,40.9899901583162,0.000361532899493854,0.0253466476478696
"680",19,9,70.7303217010725,0.000404040404040404,0.0538054805469619
"681",1,0,0,0.000301659125188537,0.000708061164969656
"682",20,17,429.90250756443,0.0004293688278231,0.065742354160804
"683",3,0,0,0.000322268772155978,0.002446526692162
"684",9,1,0,0.000359324469996407,0.0212446793207249
"685",1,1,0,NA,0
"686",37,45,453.053930094703,0.000425531914893617,0.165568635508128
"687",8,7,32.5602288189592,0.000395100750691426,0.040234195924385
"688",7,0,0,0.000383877159309021,0.0223912926274681
"689",1,0,0,0.000302480338777979,0.00132466889431317
"690",2,2,0.401748785057564,0.000315756236185665,0.00232553921091458
"691",14,18,124.779832267809,0.000428816466552316,0.105989330351654
"692",1,1,0,NA,0
"693",1,2,0.122521414490326,0.000318268618714195,0.00288645650840518
"694",5,0,0,0.000380662352493338,0.0266795004037752
"695",7,4,48.1907596017018,0.000366434591425431,0.0249869063351962
"696",11,25,185.924047835377,0.000420344682639765,0.0907873618119952
"697",7,4,3.31857753077491,0.000351246926589392,0.0173657542267089
"698",6,2,287.606798373667,0.000359195402298851,0.00552071421855063
"699",24,26,29.9989202495327,0.000389863547758285,0.0986266959979541
"700",22,13,272.765635351053,0.000366568914956012,0.023999952217125
"701",27,16,258.841894343595,0.000368731563421829,0.0255773995036357
"702",1,0,0,0.000301841231512225,0.0010619487783644
"703",2,0,0,0.000354484225451967,0.0101958920251908
"704",1,1,0,NA,0
"705",2,1,0,0.000353481795687522,0.00711508773540025
"706",7,2,0.989577393517157,0.000382995021064726,0.0215665801046554
"707",10,4,244.67610134529,0.000381533765738268,0.0211751922175656
"708",34,24,750.895300740183,0.000400962309542903,0.0443591986832831
"709",17,12,60.4681841020963,0.000398724082934609,0.0662101872783484
"710",3,0,0,0.000325414904002603,0.0043214891300355
"711",19,12,126.308201945209,0.000385059684251059,0.0418027801782249
"712",1,1,0,NA,0
"713",4,0,0,0.000342817963661296,0.007000866457872
"714",2,2,0,0.000336700336700337,0.00919508324633002
"715",23,8,45.5651138989858,0.000414765657403567,0.0781468147276397
"716",5,2,30.0940045175298,0.000361925443358668,0.0189447708753662
"717",2,2,0,0.000343524562006183,0.00816753926674689
"718",10,4,968.518361929255,0.000403388463089956,0.0350901033915655
"719",6,0,0,0.000361794500723589,0.0151412525636013
"720",12,12,527.046228460383,0.000390167772142021,0.0360903442315503
"721",16,23,186.998548282272,0.000378357926598562,0.032838199274447
"722",6,2,0.327174278597043,0.000336473755047106,0.0105941183249432
"723",4,0,0,0.000342583076396026,0.00784782385506345
"724",11,9,179.30402792152,0.000371333085777943,0.0180138005830538
"725",2,0,0,0.000379939209726444,0.0100719868912902
"726",12,3,5.51309291487762,0.000369822485207101,0.0325848456265455
"727",9,16,16.9760109334456,0.000424448217317487,0.0924648917873127
"728",3,3,1.75553264845836,0.000361271676300578,0.0124827527906306
"729",16,4,50.4524867371429,0.000386847195357834,0.039947160372948
"730",8,0,0,0.000367647058823529,0.0112616330117833
"731",9,13,55.6840809340459,0.000428082191780822,0.0902703766535494
"732",1,1,0,NA,0
"733",1,1,0,NA,0
"734",10,12,264.054637673331,0.000376789751318764,0.0207297903403295
"735",13,2,13.7870249844727,0.000395413206801107,0.0330441436290667
"736",6,1,0,0.000334672021419009,0.00654713827691732
"737",6,2,0.205733178144734,0.000404040404040404,0.03628220865017
"738",2,2,0,0.00031496062992126,0.00433989331035013
"739",32,26,68.9445461204688,0.000410004100041,0.131742945335864
"740",6,0,0,0.000376364320662401,0.0157365435268689
"741",3,1,0.534186203164386,0.000385356454720617,0.0133065007704669
"742",5,3,0.0714285714285714,0.00034106412005457,0.00662230918824673
"743",3,3,105.726158135562,0.000355871886120996,0.0128798818404925
"744",3,4,0,0.000289771080846132,0.00190132014012444
"745",1,1,0,NA,0
"746",5,5,12.9255465250009,0.000372300819061802,0.0172726762583407
"747",1,1,0,NA,0
"748",22,35,555.525125507725,0.000442673749446658,0.189208916345788
"749",21,26,2383.30284634246,0.000442282176028306,0.162216951813306
"750",5,0,0,0.000373412994772218,0.0140050948988613
"751",0,1,0,0.000300390507659958,0.00098035602695462
"752",5,3,3.10944897909195,0.000371747211895911,0.0223810449489959
"753",5,0,0,0.000388802488335925,0.0232115931163398
"754",17,11,98.2596097745126,0.000383729854182655,0.0407280260323753
"755",22,19,423.758125861404,0.00040551500405515,0.0550333599879781
"756",0,1,0,0.000339789330615019,0.00518244312791583
"757",17,24,920.165279223929,0.000415800415800416,0.0917193329584913
"758",4,1,0,0.00032797638570023,0.0043034209822523
"759",14,2,8.33196224727442,0.000387747188832881,0.0287413733095909
"760",1,1,0.114619723190743,0.000362844702467344,0.00872744933774519
"761",4,3,12.3242411930998,0.000342465753424658,0.00961125044257082
"762",1,0,0,0.000319590923617769,0.00255684867525142
"763",1,0,0,0.000277700638711469,0.000351468195845402
"764",2,2,0,0.000343524562006183,0.00816753926674689
"765",9,0,0,0.000390472471690746,0.0183367657034488
"766",18,10,123.681429971956,0.000390625,0.0429188040475334
"767",2,4,0,0.000333778371161549,0.00500038559320887
"768",6,0,0,0.0003933910306845,0.0259708939434308
"769",13,10,49.2485900380961,0.000366434591425431,0.0290262144756108
"770",3,0,0,0.000363901018922853,0.0140989381052965
"771",1,0,0,0.000305343511450382,0.00124887941988243
"772",8,0,0,0.000392310710082385,0.0266723345386538
"773",1,1,0,NA,0
"774",1,2,0,0.000335345405767941,0.00436552732658895
"775",1,0,0,0.000324149108589951,0.00286122611202659
"776",1,0,0,0.000308356460067838,0.00109234046020002
"777",25,19,248.290837755434,0.0004149377593361,0.058373760818235
"778",17,16,1110.03075872101,0.00040453074433657,0.0445782383072184
"779",5,2,10.5109703624993,0.000392003136025088,0.0131619764309472
"780",2,1,1.36519903471086,0.000349406009783368,0.00648585989301661
"781",1,0,0,0.000334672021419009,0.00274701287128795
"782",3,0,0,0.000319284802043423,0.00161990344596096
"783",3,0,0,0.000374531835205993,0.0105118339849196
"784",4,8,23.0719557999055,0.000378357926598562,0.0412947658806263
"785",2,1,0,0.000325732899022801,0.00287878720211887
"786",4,0,0,0.000357909806728704,0.00809068536812603
"787",5,7,34.3795589445763,0.00040371417036738,0.0226531213940777
"788",1,0,0,0.000337268128161889,0.00486651947726757
"789",1,2,0,0.000288766965059197,0.000279727673031959
"790",10,3,65.1665093566926,0.000386398763523957,0.0282000201040805
"791",0,1,0,0.000300571085061617,0.00117857899223422
"792",5,2,9.95991865204816,0.000349772647778944,0.00951925256420128
"793",1,0,0,0.000356760613628255,0.00709417647982053
"794",2,3,8.44278408704118,0.000333333333333333,0.00379933690137631
"795",2,0,0,0.000284495021337127,0.000614200988260367
"796",1,0,0,0.000315656565656566,0.00188938957153946
"797",4,0,0,0.000365497076023392,0.0137536067434103
"798",5,5,295.772336916066,0.000344115622849277,0.0102662308893381
"799",1,1,0,NA,0
"800",5,3,27.9888377128147,0.000397772474144789,0.0178942937835801
"801",4,4,15.6739364525535,0.000364697301239971,0.0108884823151452
"802",2,0,0,0.0003382949932341,0.007324476607533
"803",1,6,0,0.000365363536719035,0.0159755802722677
"804",16,15,37.4411825754758,0.000366568914956012,0.0628505831390798
"805",12,0,0,0.00035880875493362,0.00874795419699437
"806",4,0,0,0.000345184673800483,0.00476223623346125
"807",5,6,0,0.000338180588434224,0.0163452955812009
"808",6,0,0,0.000368867576540022,0.0180845558099299
"809",1,1,0,NA,0
"810",44,43,1029.26946715285,0.000442869796279894,0.192938852111943
"811",3,16,68.1927842637469,0.000401123144805455,0.0354523743523852
"812",5,5,4.71231537159085,0.000379362670713202,0.0261244844768173
"813",44,55,2688.8222671724,0.000451263537906137,0.231404195102364
"814",5,24,160.100627902032,0.000386398763523957,0.0476510063762762
"815",4,4,27.6080253698894,0.000346740638002774,0.0117054597162842
"816",14,18,42.792711148941,0.000386548125241593,0.0637539231924449
"817",18,10,39.1098719155652,0.000379075056861259,0.0469592486815223
"818",5,3,0.909227505738134,0.00033311125916056,0.00806910020735548
"819",10,9,43.7063796359206,0.000423728813559322,0.05133185783391
"820",5,0,0,0.000330906684315023,0.00409623511668847
"821",96,120,10662.0869072055,0.000502008032128514,0.554682728611765
"822",1,2,0,0.000379650721336371,0.0179214091174653
"823",15,17,266.315953904704,0.000404858299595142,0.0491324697501382
"824",20,20,220.704820492216,0.000363372093023256,0.027554342808954
"825",1,1,0,0.000313971742543171,0.00302970853573297
"826",4,2,965.887346329001,0.000321027287319422,0.003268935114453
"827",22,20,58.6962380500079,0.000402252614641995,0.0814602461845085
"828",1,0,0,0.000316957210776545,0.00171932504598038
"829",19,22,234.942077793451,0.000433275563258232,0.141912826953059
"830",1,3,4.37248430597462,0.000338638672536404,0.00629764421037876
"831",1,0,0,0.00029385836027035,0.000479312649815899
"832",1,0,0,0.000308546744831842,0.00159262244744628
"833",22,23,88.3990111320116,0.000401767778224186,0.092355597159736
"834",5,8,2.44962547687112,0.000392156862745098,0.0435642742868783
"835",1,0,0,0.000353481795687522,0.00700342930224603
"836",6,1,3.64841342563655,0.000361271676300578,0.0102288532156776
"837",5,2,0.741044583435888,0.000309981401115933,0.0014128680028435
"838",2,2,0,0.000353481795687522,0.0142301754708005
"839",1,1,0,0.000313873195229127,0.00217893817046112
"840",1,1,0.38927622413687,0.000336134453781513,0.0039330759746631
"841",16,11,31.321371833901,0.000418060200668896,0.0584348089061956
"842",7,8,31.1148264100131,0.000334112930170398,0.00976261258105352
"843",2,0,0,0.000353232073472271,0.00855240707585526
"844",1,1,963,0.0003269042170644,0.00306153580221851
"845",2,1,0,0.000357015351660121,0.00796529565616243
"846",26,28,441.907584371786,0.000395569620253165,0.118502528811196
"847",1,2,0,0.000216169476869866,2.28623869643825e-06
"848",28,18,266.386408848436,0.000390472471690746,0.075231003342555
"849",3,0,0,0.000343760742523204,0.00797519491754644
"850",7,1,0,0.000359712230215827,0.0159029659630561
"851",2,0,0,0.000341646737273659,0.00431560575572193
"852",9,15,491.446174745459,0.000357142857142857,0.0226710376603279
"853",5,2,10.7171761999,0.000330141961043249,0.00342496929393664
"854",1,0,0,0.000358037952022914,0.0065830339376281
"855",7,0,0,0.000388349514563107,0.0303228497768071
"856",4,3,5.18987596202782,0.000374391613627855,0.01504192986383
"857",53,56,2903.67722699365,0.000455580865603645,0.26155187550552
"858",4,0,0,0.000392464678178964,0.0171242592633384
"859",0,1,0,0.000317158261972724,0.00146819718064709
"860",58,66,1867.34821144119,0.000463177396943029,0.3489810233568
"861",16,23,150.275441291927,0.000368052999631947,0.0683027593317684
"862",1,0,0,0.000285306704707561,0.000311662765802821
"863",1,0,0,0.000289351851851852,0.000349787411432392
"864",0,1,0,0.000309310238168883,0.00181459228909791
"865",1,0,0,0.000325732899022801,0.00283360984376055
"866",9,10,0.688394016630098,0.000349162011173184,0.0364283611695931
"867",3,1,0.189174011895003,0.000352733686067019,0.0114788829734343
"868",4,0,0,0.000356887937187723,0.0102702822927721
"869",2,0,0,0.000352609308885755,0.00498180019596571
"870",5,4,1.51196425631015,0.000328299409061064,0.00732989169377515
"871",3,0,0,0.00033167495854063,0.00349013363258736
"872",1,0,0,0.000302663438256659,0.00116119828906577
"873",13,9,96.925496208177,0.000375516334960571,0.0312555164372197
"874",2,0,0,0.000315159155373464,0.00188854748584224
"875",3,0,0,0.00033167495854063,0.00349013363258736
"876",0,1,0,0.000324044069993519,0.00333722206015787
"877",1,0,0,0.000293944738389183,0.000567604475630309
"878",8,3,2.81830189537535,0.00040371417036738,0.0379462001941231
"879",3,3,0,0.000328083989501312,0.00990635079895077
"880",0,1,0,0.000304506699147381,0.000974944514227728
"881",27,21,105.657329897474,0.000418060200668896,0.117504603848798
"882",1,0,0,0.000327761389708292,0.00336996394793944
"883",2,0,0,0.000381533765738268,0.0126761312625587
"884",11,11,7.41493176267018,0.000353731871241599,0.0399190213640487
"885",2,1,0,0.000307597662257767,0.00203657192158368
"886",3,4,22.3054147573007,0.000351000351000351,0.0191210156590183
"887",2,10,3.36584690628769,0.000362187613183629,0.0234987704438475
"888",3,4,2.89687465672389,0.000327225130890052,0.00696264889822001
"889",1,0,0,0.000307597662257767,0.002004611608763
"890",4,3,0.722869276755526,0.000345542501727712,0.0189052203722947
"891",2,1,0,0.000356760613628255,0.0072072817309869
"892",2,2,0,0.000335683115139308,0.00983541674718568
"893",14,17,269.509399226762,0.000426075841499787,0.0791031077847315
"894",2,0,0,0.000330250990752972,0.00165204515745546
"895",1,0,0,0.000309405940594059,0.00119444959777749
"896",2,3,0,0.000351988736360436,0.0179810610306184
"897",21,28,353.190189172154,0.000435161009573542,0.147557495343488
"898",1,0,0,0.000315955766192733,0.00213201385508404
"899",2,3,0.804577117852602,0.000317965023847377,0.0038649764032845
"900",1,0,0,0.00032488628979857,0.00266913201660401
"901",24,14,318.454858759805,0.000409332787556283,0.0874733918797831
"902",0,1,0,0.000321750321750322,0.00306150499108875
"903",1,1,0,0.000343524562006183,0.00803936451034674
"904",3,1,0,0.000319386777387416,0.00240468147118854
"905",1,0,0,0.000310366232153942,0.000890688786017485
"906",2,9,1.36935324978371,0.000351617440225035,0.0110171198140722
"907",4,3,15.1017075656388,0.000392003136025088,0.019345317004392
"908",12,10,1020.58841168037,0.000354484225451967,0.020144017984401
"909",20,23,172.925376171671,0.000379794910748196,0.0519396766188834
"910",6,5,1.20539643780616,0.000383877159309021,0.0496992923408909
"911",1,0,0,0.000324675324675325,0.00160158614674512
"912",3,0,0,0.000344589937973811,0.00792808291270422
"913",2,4,3.1218093539484,0.000333444481493831,0.00455129409227188
"914",17,14,357.151231244633,0.000379075056861259,0.0359066787270167
"915",18,17,64.5381166219333,0.000387146728610143,0.0726038354481454
"916",1,0,0,0.000297885016383676,0.000941618270211543
"917",1,0,0,0.000241545893719807,2.83311111598595e-05
"918",18,26,147.04569389214,0.000376364320662401,0.059910234230731
"919",19,23,142.439352451345,0.000399201596806387,0.058434764223619
"920",11,5,2.86797126713448,0.000365096750638919,0.0267687178242764
"921",1,1,1.00826446280992,0.000309214594928881,0.00138843734983564
"922",11,9,38.6451090296517,0.000364166059723234,0.0421365973859857
"923",17,19,666.201440126417,0.000393700787401575,0.0488865468748509
"924",5,2,3.87797062311649,0.000316957210776545,0.00181833382350903
"925",10,6,52.7340194766758,0.000374391613627855,0.0430854277704458
"926",14,15,16.9492900307693,0.000369685767097967,0.0530971301537671
"927",12,12,45.9346507837875,0.000374391613627855,0.0293696210615939
"928",9,12,4.11402199538986,0.000337837837837838,0.0225092928610319
"929",1,0,0,0.000339789330615019,0.00518244312791582
"930",11,12,11.5515763573246,0.000339097999321804,0.0169484775070333
"931",14,13,94.6214353382593,0.000361271676300578,0.0285909981996671
"932",13,14,106.474521213706,0.000380083618396047,0.0380098174602335
"933",53,88,1579.71785211309,0.000488758553274682,0.406859593567309
"934",15,16,125.857741339164,0.000353731871241599,0.0257165263794507
"935",4,0,0,0.000349895031490553,0.00828961784173156
"936",4,2,4.51476309874656,0.000322893122376493,0.00469691337336335
"937",7,24,991.932309763919,0.000400801603206413,0.0375660821988014
"938",7,5,4.44330262839989,0.000358680057388809,0.0186924938251132
"939",1,1,0,0.000307881773399015,0.00181353716068139
"940",2,3,3.18152944107378,0.000332446808510638,0.00495156732296538
"941",2,0,0,0.000348432055749129,0.00721302965753694
"942",0,1,0,0.000316856780735108,0.00173714773023271
"943",1,1,1.32622061741867,0.000314861460957179,0.0013611721864411
"944",0,1,0,0.000314465408805031,0.00183496059231684
"945",0,1,0,0.000308166409861325,0.00127285083080642
"946",4,2,0.345137536481909,0.000333555703802535,0.00463450219192753
"947",1,0,0,0.000296120817293456,0.000802796500611782
"948",8,6,0,0.000349895031490553,0.015063238225631
"949",1,0,0,0.000293599530240752,0.000517550362352883
"950",18,22,46.9436915277986,0.000394632991318074,0.0791598036735805
"951",45,9,382.242284974374,0.000454545454545455,0.12502133859439
"952",9,8,7.8867996744888,0.000340831629175187,0.011103624802043
"953",7,7,16.6061671262284,0.000346140533056421,0.0249141116613927
"954",9,13,205.744941227362,0.00037593984962406,0.0285181546647243
"955",7,3,0.172526440563321,0.000376222723852521,0.0371791335060701
"956",8,3,1.27505376956899,0.000354735721887194,0.022637642484557
"957",13,7,150.431784250053,0.000376081233546446,0.0330561117245243
"958",10,9,19.1618875031363,0.000334001336005344,0.0147247396800475
"959",3,3,983.684776610094,0.000316355583676052,0.00665129437988877
"960",1,0,0,0.000327011118378025,0.00241822170679662
"961",1,0,0,0.000327011118378025,0.00241822170679662
"962",1,0,0,0.000327011118378025,0.00241822170679661
"963",2,1,2.15538071366153,0.000305623471882641,0.000812782557018733
"964",34,40,1007.02159146028,0.000436109899694723,0.191635672455687
"965",5,0,0,0.000340715502555366,0.00759180201641569
"966",1,0,0,0.000287438919229664,0.000294765857713301
"967",2,0,0,0.00034435261707989,0.00660366720750028
"968",5,0,0,0.000340020401224073,0.00600387746571646
"969",3,1,0,0.000325839035516455,0.00343352432650208
"970",2,2,0,0.000327761389708292,0.00895719234904711
"971",2,5,2.00718502727947,0.000367917586460633,0.0207621193847658
"972",10,94,3242.67547716118,0.000458505272810637,0.116064374898606
"973",2,0,0,0.000314762354422411,0.00183185155655094
"974",1,0,0,0.000315955766192733,0.000910710220882103
"975",7,6,12.1265655538189,0.000365096750638919,0.029913853301759
"976",1,0,0,0.000315955766192733,0.000910710220882104
"977",10,25,16.6495495822738,0.000374391613627855,0.058738779619065
"978",3,1,0,0.00032488628979857,0.0039174197440222
"979",3,3,1.90547920079212,0.000343170899107756,0.0105664737121016
"980",1,6,0,0.000355492356914326,0.00994035199043502
"981",6,10,68.196260296328,0.000385356454720617,0.0320581557494833
"982",11,25,27.1317404510678,0.000374391613627855,0.060504188868136
"983",0,1,0,0.000321750321750322,0.00306150499108875
"984",3,0,0,0.000353107344632768,0.0123970412867323
"985",3,0,0,0.00034435261707989,0.00733713450637267
"986",1,0,0,0.000303951367781155,0.000900135682769383
"987",3,0,0,0.000336927223719677,0.00487688552584252
"988",12,0,0,0.000368188512518409,0.0269749376559545
"989",2,0,0,0.000331235508446505,0.00373602322176284
"990",3,2,0,0.000328731097961867,0.00863004540014678
"991",20,2,3.95394050818247,0.000385951370127364,0.0434519704929583
"992",4,3,0,0.000333222259246918,0.0138624805529655
"993",1,2,0,0.000344589937973811,0.00537301959785801
"994",1,0,0,0.000302938503483793,0.00154363394714415
"995",1,0,0,0.00033167495854063,0.00268403910257956
"996",0,1,0,0.000256344527044348,5.49329683960692e-05
"997",1,1,0,0.00031104199066874,0.0028177019746795
"998",3,0,0,0.000318775900541919,0.00247316021558134
"999",1,0,0,0.000324675324675325,0.00160158614674512
"1000",1,1,0,0.00032258064516129,0.00544186216916345
"1001",5,6,9.51296263918763,0.000368324125230203,0.0203641571505408
"1002",5,9,2.66141962820244,0.000351617440225035,0.0242888894795332
"1003",1,0,0,0.000308356460067838,0.00109234046020002
"1004",1,1,0,0.000308546744831842,0.00318524489489256
"1005",1,0,0,0.000306278713629403,0.00129810386926492
